Question,Expected SQL Query,Generated SQL Query,Query Result,Execution Time (s)
How many cases are there in total in the database?,SELECT COUNT(*) FROM cases;,SELECT COUNT(*) FROM cases AS c,count_star(): 1000,5.3500659465789795
How many activities have been recorded?,SELECT COUNT(*) FROM activity;,SELECT COUNT(*) FROM activity AS a,count_star(): 23233,0.9427580833435059
What are the different types of insurance available?,SELECT DISTINCT type FROM cases;,SELECT DISTINCT type FROM cases,"type: Renewal
type: Issuance
type: Policy onboarding",0.9323935508728027
What is the total value of approved insurance policies?,SELECT SUM(value) FROM cases WHERE approved = 1;,SELECT SUM(CASE WHEN c.approved THEN c.value ELSE 0 END) AS total_value FROM cases c,total_value: 3751100,1.5960123538970947
How many cases were created in January?,SELECT COUNT(*) FROM cases WHERE EXTRACT(MONTH FROM insurance_creation) = 1;,SELECT COUNT(c.id) FROM cases AS c WHERE EXTRACT(MONTH FROM c.insurance_creation) = 1,count(c.id): 355,1.7234420776367188
Who is the broker with the most assigned cases?,SELECT brocker FROM cases GROUP BY brocker ORDER BY COUNT(*) DESC LIMIT 1;,SELECT T1.broker FROM cases AS T1 INNER JOIN activity AS T2 ON T1.id = T2.case GROUP BY T1.broker ORDER BY COUNT(T2.id) DESC LIMIT 1,broker: Leah,2.320697546005249
What is the most frequent activity in the database?,SELECT name FROM activity GROUP BY name ORDER BY COUNT(*) DESC LIMIT 1;,SELECT name FROM activity GROUP BY name ORDER BY COUNT(*) DESC LIMIT 1,name: Enviar a Revisi贸n suscripci贸n,1.2916982173919678
What is the total insurance value for each type of 'ramo'?,"SELECT ramo, SUM(value) FROM cases GROUP BY ramo;","SELECT c.type, SUM(c.value) AS total_insurance_value FROM cases c GROUP BY c.type","type: Renewal, total_insurance_value: 1653800
type: Policy onboarding, total_insurance_value: 1973600
type: Issuance, total_insurance_value: 1775000",1.564302682876587
"On average, how long does it take for an insurance policy to be approved?",SELECT AVG(EXTRACT(DAY FROM insurance_start - insurance_creation)) FROM cases WHERE approved = 1;,SELECT AVG(CASE WHEN c.approved THEN a.tpt ELSE NULL END) AS avg_time FROM cases c JOIN activity a ON c.id = a.case WHERE c.approved = TRUE,avg_time: 41554.25372850789,2.196190118789673
What is the average number of activities per case?,SELECT COUNT(activity.id) / COUNT(DISTINCT cases.id) FROM activity INNER JOIN cases ON activity.case = cases.id;,SELECT COUNT(a.id) / COUNT(c.id) AS avg_activities FROM cases c JOIN activity a ON c.id = a.case,avg_activities: 1.0,1.8642871379852295
What is the most frequent activity performed in approved cases?,SELECT activity.name FROM activity INNER JOIN cases ON activity.case = cases.id WHERE cases.approved = TRUE GROUP BY activity.name ORDER BY COUNT(activity.id) DESC LIMIT 1;,SELECT a.name FROM activity AS a JOIN cases AS c ON a.case = c.id WHERE c.approved = TRUE GROUP BY a.name ORDER BY COUNT(*) DESC LIMIT 1,name: Revisi贸n en emisi贸n,2.1549487113952637
What is the total duration of all activities for each case?,"SELECT activity.case, SUM(activity.tpt) FROM activity GROUP BY activity.case;","SELECT c.""id"", SUM(a.""tpt"") AS ""total_duration"" FROM cases c JOIN activity a ON c.""id"" = a.""case"" GROUP BY c.""id"";","id: 3148, total_duration: 684834.098201
id: 5865, total_duration: 1508458.3126710001
id: 6201, total_duration: 1036911.766668
id: 3839, total_duration: 1955931.860014
id: 105, total_duration: 1553033.361461
id: 4824, total_duration: 588240.4677220001
id: 8158, total_duration: 652187.430781
id: 9236, total_duration: 610858.918283
id: 8418, total_duration: 142741.19558399997
id: 9272, total_duration: 219323.27330499998
id: 4877, total_duration: 1173203.6595800002
id: 602, total_duration: 1465700.712466
id: 9829, total_duration: 1534271.55541
id: 6512, total_duration: 421949.12678500003
id: 2165, total_duration: 675239.1235860001
id: 4516, total_duration: 1347115.722192
id: 4903, total_duration: 979254.5938979998
id: 9831, total_duration: 1017821.181897
id: 6110, total_duration: 827450.266548
id: 9914, total_duration: 140803.472366
id: 7595, total_duration: 1678908.9158149997
id: 5730, total_duration: 286480.03879
id: 1373, total_duration: 870717.4282189999
id: 9863, total_duration: 993208.2237419997
id: 4923, total_duration: 1190716.273171
id: 8679, total_duration: 2741893.7756739995
id: 3194, total_duration: 839200.255901
id: 2508, total_duration: 1116704.554515
id: 169, total_duration: 545987.1201460001
id: 4908, total_duration: 969349.7477890002
id: 5142, total_duration: 870799.7392070001
id: 6698, total_duration: 1711266.1813709994
id: 2806, total_duration: 820088.476789
id: 9120, total_duration: 1342144.4832769998
id: 8585, total_duration: 698788.411408
id: 2510, total_duration: 1860489.1162639996
id: 8591, total_duration: 825038.2836290002
id: 5970, total_duration: 356318.72838399996
id: 6490, total_duration: 171407.74827500002
id: 8184, total_duration: 1761737.2702729995
id: 9446, total_duration: 538300.174143
id: 445, total_duration: 1749073.819747
id: 5054, total_duration: 994184.7698609999
id: 1901, total_duration: 663959.949581
id: 9667, total_duration: 1003944.2992179998
id: 2837, total_duration: 2215339.686125
id: 740, total_duration: 1304109.081051
id: 8662, total_duration: 1698606.1978979998
id: 8514, total_duration: 881655.8360319999
id: 8403, total_duration: 836129.870792
id: 501, total_duration: 1558017.7392799996
id: 6905, total_duration: 252597.059922
id: 8304, total_duration: 147352.067805
id: 5279, total_duration: 864568.159471
id: 4585, total_duration: 986642.282503
id: 6096, total_duration: 1799904.409717
id: 2010, total_duration: 238966.066823
id: 216, total_duration: 2231356.2788290004
id: 5659, total_duration: 248977.55020400003
id: 5888, total_duration: 275638.309815
id: 2557, total_duration: 274077.906105
id: 8890, total_duration: 1093724.897588
id: 4596, total_duration: 1913143.367407
id: 6838, total_duration: 902924.0664300001
id: 4003, total_duration: 106005.392082
id: 5104, total_duration: 537769.114628
id: 1687, total_duration: 299935.454578
id: 6469, total_duration: 1073538.227056
id: 9505, total_duration: 1103239.320981
id: 9008, total_duration: 1021915.490259
id: 8646, total_duration: 693715.218123
id: 5046, total_duration: 385305.063894
id: 4815, total_duration: 858012.360277
id: 5519, total_duration: 1768672.2572780002
id: 3342, total_duration: 742513.2098470001
id: 2671, total_duration: 445958.862661
id: 337, total_duration: 1237125.6639559998
id: 197, total_duration: 3646862.5923319994
id: 5749, total_duration: 1063702.0546489998
id: 4561, total_duration: 352693.585517
id: 9377, total_duration: 959815.768924
id: 4715, total_duration: 1802274.131672
id: 2971, total_duration: 762106.2063669998
id: 9431, total_duration: 537376.9540179999
id: 7440, total_duration: 1954896.1278599994
id: 1834, total_duration: 1271318.8904140003
id: 560, total_duration: 311558.21003099997
id: 7546, total_duration: 501347.77085499995
id: 1719, total_duration: 1677290.5621000002
id: 1018, total_duration: 97276.653503
id: 2704, total_duration: 862726.358779
id: 3340, total_duration: 484614.236754
id: 1226, total_duration: 431335.827392
id: 5264, total_duration: 291954.662891
id: 1750, total_duration: 285553.56661599997
id: 4263, total_duration: 256811.228031
id: 3068, total_duration: 327795.192568
id: 6530, total_duration: 587934.586838
id: 426, total_duration: 1687237.689617
id: 2685, total_duration: 179218.328299
id: 7649, total_duration: 1236407.3057539999
id: 327, total_duration: 953098.056305
id: 182, total_duration: 861603.780071
id: 5090, total_duration: 1196971.9887980004
id: 5919, total_duration: 1077150.845611
id: 2747, total_duration: 757566.370977
id: 5589, total_duration: 1875384.2330430003
id: 9953, total_duration: 636806.1074839999
id: 3398, total_duration: 708053.988718
id: 6855, total_duration: 228963.62976500002
id: 8669, total_duration: 1359874.828892
id: 3852, total_duration: 545128.3170950001
id: 218, total_duration: 270018.649263
id: 7214, total_duration: 1038784.4677360002
id: 1918, total_duration: 209910.758605
id: 4753, total_duration: 1528193.1092680001
id: 6853, total_duration: 1215710.314271
id: 4216, total_duration: 818501.7628949999
id: 3763, total_duration: 1605636.9201490001
id: 4915, total_duration: 1085399.309137
id: 2198, total_duration: 641688.80615
id: 3445, total_duration: 616003.344845
id: 8423, total_duration: 150149.881405
id: 9891, total_duration: 1326759.942797
id: 4869, total_duration: 835161.251164
id: 3346, total_duration: 1096457.9524170002
id: 3304, total_duration: 823751.5720100002
id: 2345, total_duration: 1664899.4389079998
id: 3972, total_duration: 2029612.1231470003
id: 4136, total_duration: 1061100.110158
id: 2398, total_duration: 927766.2237460001
id: 3456, total_duration: 1825845.4639069997
id: 1688, total_duration: 183659.39305100002
id: 6500, total_duration: 217581.21716400003
id: 2983, total_duration: 1282821.5710690003
id: 7084, total_duration: 369259.542765
id: 3694, total_duration: 1533481.3971910006
id: 9164, total_duration: 1444837.3262320003
id: 4746, total_duration: 198805.109413
id: 657, total_duration: 1821475.9330759998
id: 6998, total_duration: 1914924.9547449995
id: 3540, total_duration: 113819.29268900001
id: 8565, total_duration: 890166.046113
id: 1572, total_duration: 443895.20952200005
id: 7481, total_duration: 2083849.5948889998
id: 3709, total_duration: 331345.37686799996
id: 9306, total_duration: 822375.8259170001
id: 6091, total_duration: 770060.39751
id: 7088, total_duration: 596786.5875760001
id: 9724, total_duration: 1578750.9523259995
id: 4696, total_duration: 1803737.8078830002
id: 4032, total_duration: 1168106.430907
id: 9040, total_duration: 1101893.1424930003
id: 1735, total_duration: 1043498.2377930001
id: 2667, total_duration: 254473.50061800002
id: 8602, total_duration: 830973.9354939997
id: 6314, total_duration: 1904079.9148189996
id: 2781, total_duration: 1729736.960008
id: 7666, total_duration: 2870541.9337009992
id: 8988, total_duration: 1337104.8225569997
id: 84, total_duration: 909309.4571069999
id: 2085, total_duration: 973027.0631240001
id: 9055, total_duration: 293673.24264199997
id: 132, total_duration: 986174.1377120003
id: 7549, total_duration: 865748.5582610001
id: 1204, total_duration: 1150776.4714619997
id: 9415, total_duration: 1073932.348243
id: 183, total_duration: 636878.146878
id: 6497, total_duration: 213266.14388500003
id: 9655, total_duration: 697580.6906980001
id: 7682, total_duration: 1857476.729574
id: 9207, total_duration: 169422.21399199998
id: 4260, total_duration: 274703.818292
id: 8379, total_duration: 245681.04567300002
id: 1692, total_duration: 787544.4770659999
id: 3583, total_duration: 682836.143697
id: 8233, total_duration: 867041.2674669998
id: 986, total_duration: 182105.42057800002
id: 2849, total_duration: 1082514.1201540004
id: 7713, total_duration: 1099549.2545260002
id: 5697, total_duration: 162556.939173
id: 196, total_duration: 1820701.909474
id: 398, total_duration: 945458.7931710001
id: 690, total_duration: 308453.671293
id: 4433, total_duration: 799934.5146519999
id: 9179, total_duration: 243759.585751
id: 308, total_duration: 1196326.7552929998
id: 6349, total_duration: 1901357.6187929998
id: 1348, total_duration: 1168269.065784
id: 1354, total_duration: 1054803.9078960002
id: 5500, total_duration: 1168299.4253600002
id: 1144, total_duration: 1338527.215938
id: 9553, total_duration: 1288205.058156
id: 3355, total_duration: 494191.96631100005
id: 3028, total_duration: 1106782.1011210002
id: 2367, total_duration: 514613.230431
id: 9778, total_duration: 857641.362715
id: 3060, total_duration: 1221457.640567
id: 4152, total_duration: 470663.92677300004
id: 7207, total_duration: 383193.87360100006
id: 9193, total_duration: 1453494.8508590003
id: 6059, total_duration: 1069320.7090390003
id: 8798, total_duration: 2497488.244809999
id: 4497, total_duration: 2514086.739095
id: 7629, total_duration: 152984.46697399998
id: 3438, total_duration: 433847.300719
id: 8818, total_duration: 271061.582905
id: 7175, total_duration: 1347955.9954269999
id: 665, total_duration: 2096468.1262540005
id: 9659, total_duration: 1139596.6380079999
id: 5511, total_duration: 1923730.2800050003
id: 7271, total_duration: 1108731.472671
id: 5066, total_duration: 1830249.5694710002
id: 6629, total_duration: 342491.128704
id: 9837, total_duration: 198247.171893
id: 4365, total_duration: 1106997.4152829999
id: 8921, total_duration: 620180.940748
id: 9318, total_duration: 4103536.230713001
id: 478, total_duration: 2301024.1651050006
id: 7474, total_duration: 974231.967414
id: 3369, total_duration: 989847.5435429999
id: 3967, total_duration: 3025333.5611659996
id: 4135, total_duration: 566834.870218
id: 3128, total_duration: 162766.820591
id: 2181, total_duration: 732662.130645
id: 5199, total_duration: 122432.165533
id: 3391, total_duration: 1138467.4545089998
id: 1205, total_duration: 2327883.8597800005
id: 8570, total_duration: 246965.89666199998
id: 9930, total_duration: 888986.024189
id: 8228, total_duration: 108330.452585
id: 8381, total_duration: 976944.450713
id: 6953, total_duration: 1340180.1798029998
id: 1790, total_duration: 250311.74894800002
id: 9399, total_duration: 2721084.303283001
id: 4132, total_duration: 1047345.343096
id: 6081, total_duration: 1998784.723036
id: 7172, total_duration: 1171455.516809
id: 8149, total_duration: 955852.317246
id: 2624, total_duration: 312967.061828
id: 5537, total_duration: 262117.915955
id: 3161, total_duration: 318624.74880500004
id: 1824, total_duration: 1771526.341664
id: 4337, total_duration: 1393817.6450639998
id: 1743, total_duration: 2252436.2854989995
id: 9536, total_duration: 237288.794205
id: 5331, total_duration: 916521.6126390002
id: 6879, total_duration: 865844.6099149998
id: 1126, total_duration: 147964.04441200002
id: 9562, total_duration: 912721.609312
id: 5363, total_duration: 1096026.503082
id: 7437, total_duration: 1382530.4449249995
id: 44, total_duration: 834861.119781
id: 9413, total_duration: 159298.956753
id: 6165, total_duration: 746473.719956
id: 6774, total_duration: 1019549.1487019998
id: 4570, total_duration: 2507528.893956
id: 1015, total_duration: 229910.164417
id: 3437, total_duration: 863321.729843
id: 6663, total_duration: 898721.3282219999
id: 6293, total_duration: 1071589.256294
id: 4004, total_duration: 487497.332403
id: 5084, total_duration: 2506641.2446999997
id: 9201, total_duration: 1020295.440503
id: 5955, total_duration: 663995.632754
id: 2355, total_duration: 2398654.0155909997
id: 3458, total_duration: 284087.17111
id: 6586, total_duration: 1134041.1104000001
id: 8349, total_duration: 265310.37319799996
id: 1879, total_duration: 1303072.1910070004
id: 2384, total_duration: 787226.0584420001
id: 1840, total_duration: 188701.314962
id: 4922, total_duration: 1326448.58911
id: 7671, total_duration: 1001354.8708169999
id: 2991, total_duration: 1566940.7695189998
id: 5272, total_duration: 1544635.707008
id: 9259, total_duration: 727330.5171810001
id: 1097, total_duration: 131214.097749
id: 2892, total_duration: 1023705.108326
id: 2907, total_duration: 976575.543699
id: 8573, total_duration: 1250049.6956369996
id: 7138, total_duration: 1829993.04333
id: 1643, total_duration: 1237505.121485
id: 5934, total_duration: 139699.410578
id: 7455, total_duration: 1100462.8449190003
id: 3113, total_duration: 1082402.2656910003
id: 3527, total_duration: 783717.0215810003
id: 13, total_duration: 971859.972615
id: 5578, total_duration: 123724.38717199999
id: 5270, total_duration: 1206686.037596
id: 6237, total_duration: 1442354.523575
id: 9692, total_duration: 988961.1564460001
id: 3828, total_duration: 310091.749158
id: 7620, total_duration: 974701.8601959998
id: 1377, total_duration: 532137.2334769999
id: 9769, total_duration: 882806.5163080001
id: 8414, total_duration: 1367545.3916320002
id: 1942, total_duration: 472067.35269800003
id: 5407, total_duration: 309583.48545599997
id: 8955, total_duration: 1270839.876287
id: 7135, total_duration: 542590.1475849999
id: 9728, total_duration: 946363.5689310001
id: 6945, total_duration: 975098.7594559999
id: 3174, total_duration: 2492810.209506001
id: 5497, total_duration: 1085708.679208
id: 3094, total_duration: 722171.9933530001
id: 247, total_duration: 831649.4487180001
id: 6767, total_duration: 120262.84088900001
id: 5186, total_duration: 829726.1648569999
id: 2679, total_duration: 1769142.0384430005
id: 8630, total_duration: 310813.36946400005
id: 7346, total_duration: 1182039.450752
id: 3760, total_duration: 1002524.2586769998
id: 6326, total_duration: 2119420.7874589995
id: 8077, total_duration: 1362159.236459
id: 9082, total_duration: 404037.39519999997
id: 3049, total_duration: 360831.717417
id: 7080, total_duration: 932238.7896779999
id: 241, total_duration: 936569.278305
id: 5673, total_duration: 1448981.7021670002
id: 5111, total_duration: 1183853.136758
id: 7659, total_duration: 1171529.384985
id: 9816, total_duration: 893839.232146
id: 5890, total_duration: 2511311.968376
id: 407, total_duration: 806606.0803520001
id: 772, total_duration: 997723.753111
id: 6285, total_duration: 713553.919033
id: 547, total_duration: 1315153.921921
id: 9877, total_duration: 1218563.025121
id: 165, total_duration: 1007358.106658
id: 9703, total_duration: 2035199.8405769998
id: 8957, total_duration: 1377154.0893009999
id: 1380, total_duration: 1362795.5217100002
id: 2351, total_duration: 1473475.5626600003
id: 9066, total_duration: 1101719.5774
id: 3070, total_duration: 178091.140235
id: 2862, total_duration: 1179834.395794
id: 1019, total_duration: 2297020.6625349997
id: 2605, total_duration: 779975.138758
id: 8722, total_duration: 198414.38562400002
id: 5182, total_duration: 161965.198502
id: 526, total_duration: 1105817.645676
id: 1128, total_duration: 757806.797808
id: 4197, total_duration: 1728213.531615
id: 9534, total_duration: 149486.982549
id: 5907, total_duration: 1307839.410216
id: 3123, total_duration: 641111.026315
id: 7963, total_duration: 544271.7245639999
id: 3565, total_duration: 1234876.4577910001
id: 9975, total_duration: 151472.09271799997
id: 4789, total_duration: 827203.149393
id: 7941, total_duration: 613922.718141
id: 1546, total_duration: 314448.516604
id: 5999, total_duration: 926895.915315
id: 1502, total_duration: 886501.826168
id: 5168, total_duration: 1662973.1695009999
id: 5353, total_duration: 1478904.8787360003
id: 6014, total_duration: 1053422.4752240002
id: 571, total_duration: 721675.180655
id: 5461, total_duration: 1124806.2602159998
id: 5457, total_duration: 1132115.1748889997
id: 4839, total_duration: 990268.2651089999
id: 4955, total_duration: 313521.448517
id: 6712, total_duration: 66154.844933
id: 5499, total_duration: 234512.77086199998
id: 5060, total_duration: 802646.9581999999
id: 6368, total_duration: 871125.9454879999
id: 2007, total_duration: 942605.9890739998
id: 2622, total_duration: 769136.2997779999
id: 1177, total_duration: 1010820.6810649999
id: 457, total_duration: 917026.571241
id: 2146, total_duration: 603166.0750230001
id: 1050, total_duration: 725748.2819899999
id: 2290, total_duration: 1447306.4903299997
id: 5018, total_duration: 603995.526109
id: 3746, total_duration: 800915.989383
id: 2657, total_duration: 1539518.0236749998
id: 6069, total_duration: 1596041.0586549998
id: 7026, total_duration: 331159.84631
id: 8848, total_duration: 1219445.623579
id: 8832, total_duration: 1188013.5287420002
id: 1664, total_duration: 1668234.2057239995
id: 5098, total_duration: 1677480.4563189994
id: 7041, total_duration: 970181.6627610001
id: 828, total_duration: 1423003.0860669997
id: 8145, total_duration: 544027.280143
id: 5637, total_duration: 487346.55861600005
id: 9552, total_duration: 211282.06368999998
id: 32, total_duration: 311990.744301
id: 4309, total_duration: 98457.016929
id: 5324, total_duration: 148202.03091
id: 6361, total_duration: 1751953.5765270004
id: 6322, total_duration: 814337.781903
id: 3963, total_duration: 717271.2309900001
id: 9472, total_duration: 2825026.172438999
id: 9999, total_duration: 995768.973587
id: 5995, total_duration: 655957.8767049998
id: 7449, total_duration: 1558088.322946
id: 2934, total_duration: 1599767.2188020004
id: 7630, total_duration: 1221118.582021
id: 721, total_duration: 1106770.914663
id: 4765, total_duration: 1237375.8416900001
id: 5655, total_duration: 354514.368257
id: 6145, total_duration: 745577.691151
id: 4355, total_duration: 1502842.4085850006
id: 4817, total_duration: 639061.335511
id: 7230, total_duration: 1707087.210132
id: 7253, total_duration: 785377.0817519999
id: 2878, total_duration: 411390.13666099997
id: 59, total_duration: 857765.6055640001
id: 5801, total_duration: 636553.5309620001
id: 7119, total_duration: 364737.581626
id: 2709, total_duration: 316602.50087399996
id: 5796, total_duration: 99556.25151500001
id: 2830, total_duration: 990276.0086500001
id: 1336, total_duration: 1233369.127264
id: 3710, total_duration: 931491.2248010001
id: 7877, total_duration: 942185.443019
id: 9897, total_duration: 377109.060168
id: 3299, total_duration: 1966419.4945440001
id: 1868, total_duration: 1089598.1914769998
id: 9911, total_duration: 1038612.436811
id: 1786, total_duration: 802265.005532
id: 2366, total_duration: 400853.2624959999
id: 1, total_duration: 327301.02460999996
id: 5154, total_duration: 177407.546783
id: 9947, total_duration: 672289.0193220001
id: 9849, total_duration: 500248.127706
id: 1472, total_duration: 1154563.477991
id: 5449, total_duration: 151635.69266
id: 994, total_duration: 975145.7844359998
id: 9774, total_duration: 1365726.38548
id: 5702, total_duration: 1059900.5416680002
id: 9764, total_duration: 854090.0934280001
id: 6194, total_duration: 1399443.357952
id: 1221, total_duration: 758720.2617650001
id: 6383, total_duration: 1586899.1886989998
id: 2136, total_duration: 865273.9270360001
id: 3630, total_duration: 934587.9867280001
id: 551, total_duration: 1276147.0149259998
id: 8471, total_duration: 840046.4858699999
id: 2560, total_duration: 430134.23628199997
id: 2932, total_duration: 791419.861166
id: 5588, total_duration: 986907.857448
id: 7130, total_duration: 312887.708303
id: 4971, total_duration: 1112418.1681670002
id: 3468, total_duration: 305560.93029499997
id: 3996, total_duration: 1712063.9969970002
id: 2997, total_duration: 1109553.5851789997
id: 5645, total_duration: 253689.034137
id: 7146, total_duration: 1838404.1834630002
id: 8243, total_duration: 270263.62108
id: 6244, total_duration: 205623.207147
id: 5174, total_duration: 1015120.8757949999
id: 1799, total_duration: 453201.82862
id: 4171, total_duration: 297562.966524
id: 866, total_duration: 806009.0823439999
id: 4669, total_duration: 1558805.3457710003
id: 331, total_duration: 2055062.8441849998
id: 5427, total_duration: 852595.8233119999
id: 7424, total_duration: 254592.58246799998
id: 8054, total_duration: 1983668.5412690004
id: 1211, total_duration: 1082350.5173560001
id: 7767, total_duration: 1142533.2472009999
id: 8192, total_duration: 652889.412726
id: 2310, total_duration: 392308.471335
id: 4451, total_duration: 1807957.495259
id: 5278, total_duration: 535969.289006
id: 3721, total_duration: 1070379.7279100001
id: 6160, total_duration: 953944.99723
id: 486, total_duration: 539696.944264
id: 9846, total_duration: 764654.901636
id: 5957, total_duration: 986298.569386
id: 6050, total_duration: 759442.8789039999
id: 1733, total_duration: 940168.4385379999
id: 3632, total_duration: 682992.2950719999
id: 3090, total_duration: 276892.263436
id: 3302, total_duration: 281520.306718
id: 9284, total_duration: 864816.297971
id: 6473, total_duration: 984690.633811
id: 7799, total_duration: 1391531.849855
id: 7918, total_duration: 1866565.3500660004
id: 388, total_duration: 166210.99723799998
id: 6662, total_duration: 1971702.5507480002
id: 7604, total_duration: 1159682.875676
id: 9144, total_duration: 458792.12788000004
id: 8952, total_duration: 1059880.162892
id: 27, total_duration: 220495.934121
id: 9638, total_duration: 1132714.6113309998
id: 5686, total_duration: 1092858.3384180001
id: 9171, total_duration: 2502394.905695001
id: 3860, total_duration: 194125.414808
id: 5180, total_duration: 1234213.2663539997
id: 1963, total_duration: 517446.9743789999
id: 256, total_duration: 365115.388262
id: 1860, total_duration: 681150.5800260002
id: 6202, total_duration: 781995.4869860001
id: 6682, total_duration: 423045.263888
id: 6906, total_duration: 801444.1483510002
id: 7511, total_duration: 209539.145642
id: 1656, total_duration: 312409.26616400003
id: 4549, total_duration: 324401.773704
id: 6681, total_duration: 269664.127623
id: 5212, total_duration: 348724.94665199996
id: 8954, total_duration: 1258618.5769159999
id: 3325, total_duration: 1939603.3947179997
id: 3637, total_duration: 909153.3916660001
id: 8506, total_duration: 1627200.5538160002
id: 6789, total_duration: 336079.246813
id: 1142, total_duration: 841508.8719020002
id: 2668, total_duration: 932086.698893
id: 1342, total_duration: 1373830.8009970004
id: 191, total_duration: 1978977.206891
id: 8244, total_duration: 1526273.7459049998
id: 2068, total_duration: 1359496.211848
id: 9793, total_duration: 141923.85263799998
id: 9095, total_duration: 291537.27215599996
id: 7329, total_duration: 1730067.2963319998
id: 7803, total_duration: 829688.169558
id: 4912, total_duration: 385405.766569
id: 2910, total_duration: 281904.02526799997
id: 2021, total_duration: 223208.433233
id: 7360, total_duration: 1128723.198509
id: 5133, total_duration: 821209.550059
id: 8968, total_duration: 705480.419048
id: 3110, total_duration: 1824226.6973150002
id: 7032, total_duration: 1032347.4368609999
id: 7303, total_duration: 121174.96155800001
id: 7494, total_duration: 875057.753958
id: 829, total_duration: 268392.986441
id: 6041, total_duration: 775100.3924809999
id: 7850, total_duration: 809835.9783729998
id: 5345, total_duration: 1066685.567331
id: 4725, total_duration: 715324.693202
id: 3920, total_duration: 722084.863227
id: 2597, total_duration: 292870.70204500004
id: 3471, total_duration: 852604.930044
id: 5355, total_duration: 1448991.9640099998
id: 3859, total_duration: 2044476.1642680007
id: 6245, total_duration: 1169187.647182
id: 8605, total_duration: 196748.063485
id: 6219, total_duration: 575380.347025
id: 979, total_duration: 2090330.647792
id: 9719, total_duration: 471889.326704
id: 5447, total_duration: 1068592.2428249998
id: 6204, total_duration: 244232.39870299998
id: 6249, total_duration: 779067.3172050002
id: 4821, total_duration: 245465.866365
id: 4666, total_duration: 1115884.4223389998
id: 8169, total_duration: 1135293.3453409995
id: 2439, total_duration: 790443.8159259999
id: 8579, total_duration: 1795278.7687559999
id: 822, total_duration: 1200127.5029830001
id: 9143, total_duration: 1266854.116816
id: 2513, total_duration: 1130357.1301370002
id: 1156, total_duration: 808415.3603310001
id: 4752, total_duration: 1073345.8096330003
id: 1679, total_duration: 188929.202451
id: 6865, total_duration: 1161636.165021
id: 1659, total_duration: 982766.9119060002
id: 2281, total_duration: 1431057.389308
id: 6032, total_duration: 202922.80176300002
id: 810, total_duration: 1160644.4372470004
id: 5708, total_duration: 752267.556006
id: 6266, total_duration: 785619.807113
id: 762, total_duration: 1129727.5714589998
id: 9313, total_duration: 140168.35961900002
id: 9782, total_duration: 469216.64067900006
id: 8329, total_duration: 187121.960383
id: 9488, total_duration: 100616.052543
id: 7711, total_duration: 1684147.6844350006
id: 2631, total_duration: 256681.975508
id: 8524, total_duration: 1812713.8977599996
id: 8665, total_duration: 142294.22158700004
id: 984, total_duration: 381557.54310300003
id: 9539, total_duration: 832929.9435600002
id: 6387, total_duration: 952918.74319
id: 1353, total_duration: 793249.4869049999
id: 9992, total_duration: 208772.225075
id: 6211, total_duration: 579628.0126090001
id: 3341, total_duration: 347582.06245699996
id: 3562, total_duration: 658819.244109
id: 3897, total_duration: 211403.241154
id: 950, total_duration: 1210497.9861350001
id: 2040, total_duration: 242071.25953900002
id: 5836, total_duration: 769048.3373950002
id: 1812, total_duration: 1861171.9270500003
id: 6049, total_duration: 430600.757364
id: 5036, total_duration: 1343939.186592
id: 1313, total_duration: 113156.475748
id: 9757, total_duration: 917633.1974259999
id: 9941, total_duration: 237022.75388700003
id: 9398, total_duration: 148870.062019
id: 8928, total_duration: 1564466.7749589998
id: 4313, total_duration: 807288.2246799999
id: 5437, total_duration: 936335.94464
id: 3373, total_duration: 538390.464178
id: 7883, total_duration: 1299905.827981
id: 1595, total_duration: 1098752.9690379999
id: 4805, total_duration: 1100868.7193250002
id: 4933, total_duration: 1672098.2297170002
id: 586, total_duration: 1021810.2964959999
id: 7347, total_duration: 194858.768107
id: 5097, total_duration: 1022482.0563870001
id: 1859, total_duration: 215308.313161
id: 1451, total_duration: 762269.895308
id: 4011, total_duration: 919284.9915290002
id: 9209, total_duration: 1174592.931817
id: 5747, total_duration: 897704.801335
id: 2192, total_duration: 833504.9089139999
id: 4107, total_duration: 806797.4603570001
id: 1391, total_duration: 1333438.734831
id: 5244, total_duration: 842679.0753229999
id: 697, total_duration: 1065678.894252
id: 8118, total_duration: 814362.8341330001
id: 5797, total_duration: 1118870.319216
id: 2842, total_duration: 173710.911034
id: 2144, total_duration: 1259660.949669
id: 1732, total_duration: 1682303.728007
id: 3750, total_duration: 1171329.0915920003
id: 8180, total_duration: 1049532.3697699998
id: 6739, total_duration: 447855.88821500004
id: 8830, total_duration: 139923.39428900002
id: 9354, total_duration: 238770.97811700002
id: 8917, total_duration: 1194585.7638
id: 9830, total_duration: 327800.880695
id: 3893, total_duration: 1195308.7572469998
id: 2640, total_duration: 3137680.7971610003
id: 5632, total_duration: 373978.519798
id: 1448, total_duration: 1257763.7387590003
id: 637, total_duration: 223791.28032700001
id: 8949, total_duration: 1762035.8034219996
id: 811, total_duration: 282395.143034
id: 5076, total_duration: 286203.32871699997
id: 7402, total_duration: 560032.1252209999
id: 8240, total_duration: 1663338.955484
id: 481, total_duration: 1190243.460445
id: 9294, total_duration: 532131.14278
id: 3314, total_duration: 1791007.285418
id: 9348, total_duration: 808611.2245540001
id: 4457, total_duration: 944080.2083840002
id: 7004, total_duration: 965877.0921709999
id: 2642, total_duration: 357445.906588
id: 5287, total_duration: 703918.8579409999
id: 695, total_duration: 1129985.5564330001
id: 4886, total_duration: 928954.4003460001
id: 3367, total_duration: 869114.7729829999
id: 2179, total_duration: 1198259.5708219998
id: 5203, total_duration: 1032721.811212
id: 2326, total_duration: 229681.633501
id: 6095, total_duration: 837306.4079670002
id: 2961, total_duration: 242650.1155
id: 485, total_duration: 417867.742745
id: 3668, total_duration: 1186119.4542759995
id: 629, total_duration: 988061.57026
id: 5173, total_duration: 139721.817265
id: 3622, total_duration: 955937.0223239997
id: 230, total_duration: 854113.916933
id: 2291, total_duration: 381616.542408
id: 8135, total_duration: 332820.72865899996
id: 5040, total_duration: 443756.20839700004
id: 1929, total_duration: 193710.631639
id: 1669, total_duration: 853437.8939830001
id: 8320, total_duration: 1825007.2882020003
id: 9473, total_duration: 687378.300283
id: 6600, total_duration: 457695.84395199997
id: 2247, total_duration: 182808.192636
id: 670, total_duration: 242914.45539800002
id: 3786, total_duration: 117183.83458699999
id: 5014, total_duration: 551424.782652
id: 8686, total_duration: 1389300.5084399995
id: 6911, total_duration: 862765.810523
id: 7021, total_duration: 2350410.7550770007
id: 7055, total_duration: 1469729.9813350001
id: 9827, total_duration: 1165104.254582
id: 3806, total_duration: 569101.949188
id: 4575, total_duration: 983232.8694310001
id: 7392, total_duration: 263180.14676499995
id: 4802, total_duration: 931055.766808
id: 8067, total_duration: 1743846.3207939996
id: 2084, total_duration: 1260655.705218
id: 7892, total_duration: 730773.944314
id: 7100, total_duration: 1101437.068847
id: 4472, total_duration: 937797.1381069999
id: 9775, total_duration: 1930000.0121509999
id: 544, total_duration: 850155.5792139999
id: 8172, total_duration: 767764.864906
id: 3913, total_duration: 541398.8013880001
id: 1727, total_duration: 393042.912069
id: 6612, total_duration: 351948.65512400004
id: 5535, total_duration: 1826724.4728579996
id: 81, total_duration: 333488.30893299996
id: 6866, total_duration: 1335883.6268859997
id: 2145, total_duration: 230414.32552100002
id: 6638, total_duration: 1417923.5730920003
id: 8998, total_duration: 1330822.4258109997
id: 8989, total_duration: 1179524.0853769998
id: 9136, total_duration: 1077355.2817449998
id: 6125, total_duration: 299525.027824
id: 1042, total_duration: 183421.578674
id: 6621, total_duration: 852963.7531020002
id: 6800, total_duration: 781860.2172350001
id: 3274, total_duration: 825420.3117399998
id: 8745, total_duration: 1053019.133014
id: 7865, total_duration: 1430721.7345639998
id: 1802, total_duration: 895334.1550670002
id: 7319, total_duration: 1517416.430761
id: 2523, total_duration: 302742.833539
id: 6702, total_duration: 737180.267583
id: 7043, total_duration: 716465.282148
id: 1897, total_duration: 1616053.3909710003
id: 4526, total_duration: 269401.854423
id: 9786, total_duration: 1432792.9423800001
id: 7228, total_duration: 198818.087133
id: 5777, total_duration: 941748.8703950001
id: 7015, total_duration: 302345.236907
id: 7343, total_duration: 1346473.831108
id: 6583, total_duration: 783416.9149210001
id: 5657, total_duration: 259975.71905199997
id: 2407, total_duration: 1003959.011258
id: 4338, total_duration: 1179196.7184450002
id: 8121, total_duration: 708608.1123899999
id: 8761, total_duration: 849446.700544
id: 7089, total_duration: 1423529.859474
id: 7626, total_duration: 807846.3546099999
id: 9946, total_duration: 420873.1769389999
id: 8900, total_duration: 171717.855271
id: 3669, total_duration: 1625102.3539940002
id: 5621, total_duration: 821154.415368
id: 7731, total_duration: 765065.379723
id: 5752, total_duration: 1599369.5081429998
id: 1170, total_duration: 99395.67532499999
id: 9593, total_duration: 197263.36202
id: 2140, total_duration: 932226.067562
id: 5926, total_duration: 165420.379118
id: 5172, total_duration: 2281550.9650399997
id: 9412, total_duration: 2387323.192654
id: 3811, total_duration: 1488244.4374129993
id: 8712, total_duration: 296689.120378
id: 838, total_duration: 841305.838272
id: 3699, total_duration: 280397.165271
id: 9662, total_duration: 257424.805669
id: 1864, total_duration: 856169.9379069998
id: 2614, total_duration: 1300445.8946079996
id: 6859, total_duration: 1081638.7560750002
id: 7788, total_duration: 148535.614683
id: 1397, total_duration: 1025708.1605629999
id: 2880, total_duration: 165007.306122
id: 7949, total_duration: 1880274.612737
id: 4999, total_duration: 1443370.748786
id: 1957, total_duration: 1310106.0701140002
id: 1807, total_duration: 1964660.9182039998
id: 5838, total_duration: 1135771.9583649999
id: 9771, total_duration: 440938.7653829999
id: 3476, total_duration: 1272803.937429
id: 732, total_duration: 946865.894378
id: 4449, total_duration: 631284.1252349999
id: 4253, total_duration: 371465.60981500003
id: 2464, total_duration: 242022.879391
id: 7323, total_duration: 172449.49041000003
id: 2011, total_duration: 158901.86793100002
id: 1849, total_duration: 212476.105022
id: 2999, total_duration: 2183095.6516250004
id: 2731, total_duration: 876750.20275
id: 7559, total_duration: 1456835.5697169998
id: 2706, total_duration: 1235716.831114
id: 6178, total_duration: 1595171.5273599995
id: 4938, total_duration: 90589.524954
id: 2434, total_duration: 300332.511319
id: 1070, total_duration: 927822.18559
id: 2695, total_duration: 341292.55933300004
id: 8451, total_duration: 3009107.2861409998
id: 5189, total_duration: 706446.139917
id: 5670, total_duration: 1307835.8752259999
id: 1367, total_duration: 1370737.3816469999
id: 4840, total_duration: 1058123.656477
id: 6672, total_duration: 1921032.238035
id: 7923, total_duration: 1181658.887307
id: 724, total_duration: 414961.04821
id: 4454, total_duration: 833839.4036359999
id: 3535, total_duration: 896181.96685
id: 7510, total_duration: 1557228.521508
id: 1168, total_duration: 700303.974354
id: 9471, total_duration: 305091.31860099995
id: 1753, total_duration: 714304.9522410001
id: 3511, total_duration: 1022349.520645
id: 8278, total_duration: 901627.2861740001
id: 4636, total_duration: 862854.472977
id: 5562, total_duration: 1089347.949066
id: 6406, total_duration: 1044564.9600850001
id: 1541, total_duration: 1873030.7943260001
id: 930, total_duration: 460278.330091
id: 149, total_duration: 1872673.6545559997
id: 7221, total_duration: 258197.643775
id: 4973, total_duration: 1226723.79576
id: 9357, total_duration: 2178567.1421970003
id: 9461, total_duration: 994124.191678
id: 7103, total_duration: 2415088.4262399995
id: 5958, total_duration: 1067439.5102729998
id: 5881, total_duration: 936036.8203959998
id: 2456, total_duration: 249401.89695400003
id: 4445, total_duration: 2608935.856962
id: 9519, total_duration: 321459.1659
id: 7066, total_duration: 524979.511884
id: 7461, total_duration: 869999.110899
id: 2572, total_duration: 269275.638136
id: 442, total_duration: 260303.36131400004
id: 5001, total_duration: 800874.1911370001
id: 9575, total_duration: 1191223.399994
id: 3283, total_duration: 1001374.539015
id: 3885, total_duration: 1136584.414092
id: 7459, total_duration: 121351.258882
id: 6901, total_duration: 1139226.1554800002
id: 5601, total_duration: 143501.45660600002
id: 2446, total_duration: 2261734.6208470003
id: 9111, total_duration: 1220838.373489
id: 3378, total_duration: 212051.659609
id: 1361, total_duration: 996463.2745660001
id: 3884, total_duration: 1213191.686058
id: 9954, total_duration: 1364420.625062
id: 573, total_duration: 1657792.2116110001
id: 4077, total_duration: 780055.942278
id: 7721, total_duration: 1074089.92817
id: 5289, total_duration: 344873.243874
id: 812, total_duration: 643058.7530990002
id: 1434, total_duration: 1443503.5919789998
id: 5078, total_duration: 209329.195322
id: 7603, total_duration: 1250221.410366
id: 1875, total_duration: 221053.085421
id: 3693, total_duration: 992892.3216679998
id: 1896, total_duration: 958368.8040659999
id: 3254, total_duration: 907641.376147
id: 9190, total_duration: 1672396.4714859999
id: 9170, total_duration: 890717.9806839998
id: 3497, total_duration: 205538.73490000004
id: 8000, total_duration: 442073.627465
id: 3140, total_duration: 702874.1866459999
id: 5127, total_duration: 1195513.562486
id: 3866, total_duration: 491898.692949
id: 7377, total_duration: 247695.804714
id: 4023, total_duration: 299126.149161
id: 6719, total_duration: 2158701.066285
id: 756, total_duration: 217842.13728900003
id: 1890, total_duration: 1319400.109673
id: 6769, total_duration: 1256452.1783870002
id: 2388, total_duration: 655393.9093899999
id: 9729, total_duration: 242309.419007
id: 2886, total_duration: 1216327.9674739998
id: 3244, total_duration: 1148156.102562
id: 7164, total_duration: 2260360.10401
id: 2935, total_duration: 1670769.5998019997
id: 6261, total_duration: 687740.6876699999
id: 2313, total_duration: 1304404.9743350004
id: 3911, total_duration: 2852609.121495
id: 1959, total_duration: 1958831.8175080002
id: 6174, total_duration: 1891192.537191
id: 1993, total_duration: 225949.40000999998
id: 2024, total_duration: 1721685.5062380002
id: 7881, total_duration: 748846.816783
id: 8540, total_duration: 2079915.86452
id: 3309, total_duration: 1680657.5366379994
id: 5758, total_duration: 1366900.5332499999
id: 5981, total_duration: 217896.05093699996
id: 2371, total_duration: 1125992.732477
id: 5053, total_duration: 1236291.010122
id: 492, total_duration: 1242034.897579
id: 1974, total_duration: 849067.370583
id: 3558, total_duration: 341141.618346
id: 2985, total_duration: 152305.477844
id: 9384, total_duration: 2376972.288489001
id: 2397, total_duration: 1304070.997465
id: 6946, total_duration: 605196.153989
id: 5318, total_duration: 1155393.120329
id: 2539, total_duration: 782686.1106649998
id: 5912, total_duration: 1168053.6811570001
id: 6896, total_duration: 441759.698153
id: 8805, total_duration: 876871.2760279998
id: 6403, total_duration: 379419.5394959999
id: 2335, total_duration: 890251.966991
id: 7027, total_duration: 1377297.7792579997
id: 9594, total_duration: 2047572.322943
id: 7215, total_duration: 1238805.2006770002
id: 8536, total_duration: 1437274.7323950003
id: 832, total_duration: 837496.685984
id: 61, total_duration: 1137600.6085960001
id: 8564, total_duration: 1422959.5914929998
id: 6302, total_duration: 860795.4572319998
id: 5448, total_duration: 880772.3512479999
id: 1429, total_duration: 1212805.8425790002
id: 7189, total_duration: 1731387.5222130003
id: 8431, total_duration: 1680234.9475320003
id: 6260, total_duration: 114152.71068199999
id: 2262, total_duration: 1110227.207427
id: 4111, total_duration: 438666.576177
id: 1321, total_duration: 2106977.227698
id: 1048, total_duration: 343385.372246
id: 5404, total_duration: 865526.0632
id: 473, total_duration: 225176.079696
id: 5533, total_duration: 953525.0586849999
id: 7928, total_duration: 319483.604767
id: 7093, total_duration: 207794.972511
id: 9333, total_duration: 855068.2390369999
id: 2014, total_duration: 411041.253484
id: 2536, total_duration: 391128.38773899997
id: 6828, total_duration: 1205554.9539800002
id: 1894, total_duration: 763842.46382
id: 6723, total_duration: 925688.6840070001
id: 3315, total_duration: 423037.0993049999
id: 3257, total_duration: 486049.478196
id: 6284, total_duration: 1733687.1630320002
id: 9881, total_duration: 1591623.321555
id: 6146, total_duration: 309510.851775
id: 70, total_duration: 324279.311002
id: 8399, total_duration: 183668.75368300002
id: 541, total_duration: 1672537.6944520003
id: 3949, total_duration: 1353333.179822
id: 2212, total_duration: 1910459.0805080002
id: 8050, total_duration: 937127.9958040002
id: 5250, total_duration: 1139045.570758
id: 4629, total_duration: 1001528.6954750001
id: 5742, total_duration: 1251074.379473
id: 5922, total_duration: 936697.49897
id: 2608, total_duration: 2297733.2593849995
id: 2725, total_duration: 835260.2259440001
id: 137, total_duration: 949153.2027620001
id: 4320, total_duration: 1230543.750924
id: 7298, total_duration: 979898.294252
id: 3946, total_duration: 2164633.477593
id: 743, total_duration: 760148.4931810001
id: 8728, total_duration: 947420.9899999999
id: 6445, total_duration: 180437.16960800003
id: 5584, total_duration: 1073712.509877
id: 2114, total_duration: 1239169.9410360001
id: 5990, total_duration: 319824.190374
id: 4545, total_duration: 2531955.8813200006
id: 671, total_duration: 218559.000388
id: 3389, total_duration: 539672.91874
id: 4583, total_duration: 1740750.8113619995
id: 9351, total_duration: 436500.969843
id: 7069, total_duration: 208704.215598
id: 6595, total_duration: 1213271.4948769999
id: 4572, total_duration: 989946.409608
id: 2840, total_duration: 437919.13993299997
id: 6644, total_duration: 798197.2285359999
id: 9400, total_duration: 255317.73890499998
id: 4649, total_duration: 699043.082963
id: 2787, total_duration: 670965.4855920001
id: 4998, total_duration: 1307129.6888299999
id: 7726, total_duration: 1524234.4261430001
id: 3765, total_duration: 236141.330054
id: 9557, total_duration: 959231.959465
id: 6193, total_duration: 878107.1318450001
id: 5219, total_duration: 1179666.903908
id: 4437, total_duration: 1374774.8956139998
id: 4750, total_duration: 968259.7857240001
id: 3426, total_duration: 1577002.2847269997
id: 6098, total_duration: 992171.0221380002
id: 5892, total_duration: 1951124.6305629998
id: 3255, total_duration: 276370.132202
id: 9752, total_duration: 753498.949899
id: 6075, total_duration: 626679.94246
id: 4547, total_duration: 1366628.580997
id: 9977, total_duration: 1533623.5679809996
id: 208, total_duration: 167622.262573
id: 5193, total_duration: 1267007.167507
id: 3404, total_duration: 2237975.225922
id: 8801, total_duration: 1786398.8111519997
id: 5541, total_duration: 285292.597053
id: 261, total_duration: 919243.384326
id: 9287, total_duration: 832656.516155
id: 1980, total_duration: 1950745.995995
id: 3788, total_duration: 846600.195352
id: 3466, total_duration: 724185.54685
id: 305, total_duration: 713166.2588749998
id: 757, total_duration: 1025693.7092399999
id: 1764, total_duration: 2341180.7962389993
id: 4328, total_duration: 1786477.6993699998
id: 7192, total_duration: 1147801.614089
id: 9090, total_duration: 262242.96825499996
id: 2066, total_duration: 3016088.422405998
id: 5880, total_duration: 627508.796421
id: 5240, total_duration: 384375.2146470001
id: 4788, total_duration: 1858417.0063220004
id: 4402, total_duration: 880319.1430849999
id: 9713, total_duration: 2546302.6265509995
id: 1973, total_duration: 2024095.243178999
id: 3843, total_duration: 144316.09316999998
id: 9200, total_duration: 882200.151625
id: 4274, total_duration: 1167502.650899
id: 4369, total_duration: 2282516.887577
id: 89, total_duration: 1769991.891075
id: 5290, total_duration: 344340.362484
id: 5145, total_duration: 948455.351659
id: 8186, total_duration: 1773467.5187889999
id: 4461, total_duration: 1212386.3221759999
id: 7148, total_duration: 323011.911594
id: 2300, total_duration: 749127.7429270002
id: 3301, total_duration: 834502.580374
id: 6782, total_duration: 400542.579013
id: 6826, total_duration: 1385560.7588429998",1.995579481124878
What is the total value of cases that have at least one recorded activity?,SELECT SUM(cases.value) FROM cases WHERE cases.id IN (SELECT DISTINCT case FROM activity);,SELECT SUM(c.value) FROM cases c JOIN activity a ON c.id = a.case,"sum(c.""value""): 125728600",1.3558876514434814
